card_name,product,card_type,series,unit,cost,base_heart,blade_heart,blade,rarity,card_no,required_heart,special_heart,score,text_card,image
上原歩夢,ブースターパック vol.1,エネルギー,ラブライブ！虹ヶ咲学園スクールアイドル同好会,A・ZU・NA,,,,,LLE,PL!N-bp1-000-LLE,,,,,https://llofficial-cardgame.com/wordpress/wp-content/images/cardlist/BP01/PL!N-bp1-000-LLE.png
上原歩夢&澁谷かのん&日野下花帆,ブースターパック vol.1,メンバー,"ラブライブ！虹ヶ咲学園スクールアイドル同好会,ラブライブ！スーパースター!!,蓮ノ空女学院スクールアイドルクラブ",,20,"pink:3,green:3,purple:3",,5,R+,LL-bp1-001-R＋,,,,<登場> 自分の控え室からメンバーカードを1枚手札に加える。 <ライブ開始時> 手札の「上原歩夢」と「澁谷かのん」と「日野下花帆」を、好きな組み合わせで合計3枚、控え室に置いてもよい：ライブ終了時まで、「 <常時> ライブの合計スコアを＋３する。」を得る。 （手札のこのカードもこの効果で控え室に置ける。）,https://llofficial-cardgame.com/wordpress/wp-content/images/cardlist/BP01/LL-bp1-001-R2.png
高坂穂乃果,ブースターパック vol.1,エネルギー,ラブライブ！,Printemps,,,,,LLE,PL!-bp1-000-LLE,,,,,https://llofficial-cardgame.com/wordpress/wp-content/images/cardlist/BP01/PL!-bp1-000-LLE.png
高海千歌,ブースターパック vol.1,エネルギー,ラブライブ！サンシャイン!!,CYaRon！,,,,,LLE,PL!S-bp1-000-LLE,,,,,https://llofficial-cardgame.com/wordpress/wp-content/images/cardlist/BP01/PL!S-bp1-000-LLE.png
上原歩夢,ブースターパック vol.1,メンバー,ラブライブ！虹ヶ咲学園スクールアイドル同好会,A・ZU・NA,9,pink:3,,4,R,PL!N-bp1-001-R,,,,<ライブ開始時> <E> 支払ってもよい：ライブ終了時まで、 <ブレード> を得る。,https://llofficial-cardgame.com/wordpress/wp-content/images/cardlist/BP01/PL!N-bp1-001-R.png
上原歩夢,ブースターパック vol.1,メンバー,ラブライブ！虹ヶ咲学園スクールアイドル同好会,A・ZU・NA,9,pink:3,,4,P,PL!N-bp1-001-P,,,,<ライブ開始時> <E> 支払ってもよい：ライブ終了時まで、 <ブレード> を得る。,https://llofficial-cardgame.com/wordpress/wp-content/images/cardlist/BP01/PL!N-bp1-001-P.png
中須かすみ,ブースターパック vol.1,メンバー,ラブライブ！虹ヶ咲学園スクールアイドル同好会,QU4RTZ,2,yellow:1,,2,P,PL!N-bp1-002-P,,,,<登場> 自分のデッキの上からカードを3枚見る。その中から好きな枚数を好きな順番でデッキの上に置き、残りを控え室に置く。 <起動> <E> <E> 手札を1枚控え室に置く：このカードを控え室からステージに登場させる。この能力は、このカードが控え室にある場合のみ起動できる。,https://llofficial-cardgame.com/wordpress/wp-content/images/cardlist/BP01/PL!N-bp1-002-P.png
中須かすみ,ブースターパック vol.1,メンバー,ラブライブ！虹ヶ咲学園スクールアイドル同好会,QU4RTZ,2,yellow:1,,2,R+,PL!N-bp1-002-R＋,,,,<登場> 自分のデッキの上からカードを3枚見る。その中から好きな枚数を好きな順番でデッキの上に置き、残りを控え室に置く。 <起動> <E> <E> 手札を1枚控え室に置く：このカードを控え室からステージに登場させる。この能力は、このカードが控え室にある場合のみ起動できる。,https://llofficial-cardgame.com/wordpress/wp-content/images/cardlist/BP01/PL!N-bp1-002-R2.png
中須かすみ,ブースターパック vol.1,メンバー,ラブライブ！虹ヶ咲学園スクールアイドル同好会,QU4RTZ,2,yellow:1,,2,P+,PL!N-bp1-002-P＋,,,,<登場> 自分のデッキの上からカードを3枚見る。その中から好きな枚数を好きな順番でデッキの上に置き、残りを控え室に置く。 <起動> <E> <E> 手札を1枚控え室に置く：このカードを控え室からステージに登場させる。この能力は、このカードが控え室にある場合のみ起動できる。,https://llofficial-cardgame.com/wordpress/wp-content/images/cardlist/BP01/PL!N-bp1-002-P2.png
中須かすみ,ブースターパック vol.1,メンバー,ラブライブ！虹ヶ咲学園スクールアイドル同好会,QU4RTZ,2,yellow:1,,2,SEC,PL!N-bp1-002-SEC,,,,<登場> 自分のデッキの上からカードを3枚見る。その中から好きな枚数を好きな順番でデッキの上に置き、残りを控え室に置く。 <起動> <E> <E> 手札を1枚控え室に置く：このカードを控え室からステージに登場させる。この能力は、このカードが控え室にある場合のみ起動できる。,https://llofficial-cardgame.com/wordpress/wp-content/images/cardlist/BP01/PL!N-bp1-002-SEC.png
桜坂しずく,ブースターパック vol.1,メンバー,ラブライブ！虹ヶ咲学園スクールアイドル同好会,A・ZU・NA,10,"green:1,blue:3",blue,2,R+,PL!N-bp1-003-R＋,,,,<登場> 手札を1枚控え室に置いてもよい：自分の控え室から『虹ヶ咲』のライブカードを1枚手札に加える。 <ライブ開始時> <E> 支払ってもよい：好きなハートの色を1つ指定する。ライブ終了時まで、そのハートを1つ得る。,https://llofficial-cardgame.com/wordpress/wp-content/images/cardlist/BP01/PL!N-bp1-003-R2.png
桜坂しずく,ブースターパック vol.1,メンバー,ラブライブ！虹ヶ咲学園スクールアイドル同好会,A・ZU・NA,10,"green:1,blue:3",blue,2,P,PL!N-bp1-003-P,,,,<登場> 手札を1枚控え室に置いてもよい：自分の控え室から『虹ヶ咲』のライブカードを1枚手札に加える。 <ライブ開始時> <E> 支払ってもよい：好きなハートの色を1つ指定する。ライブ終了時まで、そのハートを1つ得る。,https://llofficial-cardgame.com/wordpress/wp-content/images/cardlist/BP01/PL!N-bp1-003-P.png
桜坂しずく,ブースターパック vol.1,メンバー,ラブライブ！虹ヶ咲学園スクールアイドル同好会,A・ZU・NA,10,"green:1,blue:3",blue,2,P+,PL!N-bp1-003-P＋,,,,<登場> 手札を1枚控え室に置いてもよい：自分の控え室から『虹ヶ咲』のライブカードを1枚手札に加える。 <ライブ開始時> <E> 支払ってもよい：好きなハートの色を1つ指定する。ライブ終了時まで、そのハートを1つ得る。,https://llofficial-cardgame.com/wordpress/wp-content/images/cardlist/BP01/PL!N-bp1-003-P2.png
桜坂しずく,ブースターパック vol.1,メンバー,ラブライブ！虹ヶ咲学園スクールアイドル同好会,A・ZU・NA,10,"green:1,blue:3",blue,2,SEC,PL!N-bp1-003-SEC,,,,<登場> 手札を1枚控え室に置いてもよい：自分の控え室から『虹ヶ咲』のライブカードを1枚手札に加える。 <ライブ開始時> <E> 支払ってもよい：好きなハートの色を1つ指定する。ライブ終了時まで、そのハートを1つ得る。,https://llofficial-cardgame.com/wordpress/wp-content/images/cardlist/BP01/PL!N-bp1-003-SEC.png
朝香果林,ブースターパック vol.1,メンバー,ラブライブ！虹ヶ咲学園スクールアイドル同好会,DiverDiva,4,"blue:1,purple:1",,1,R,PL!N-bp1-004-R,,,,<登場> 自分のステージにほかの『虹ヶ咲』のメンバーがいる場合、エネルギーを1枚アクティブにする。,https://llofficial-cardgame.com/wordpress/wp-content/images/cardlist/BP01/PL!N-bp1-004-R.png
朝香果林,ブースターパック vol.1,メンバー,ラブライブ！虹ヶ咲学園スクールアイドル同好会,DiverDiva,4,"blue:1,purple:1",,1,P,PL!N-bp1-004-P,,,,<登場> 自分のステージにほかの『虹ヶ咲』のメンバーがいる場合、エネルギーを1枚アクティブにする。,https://llofficial-cardgame.com/wordpress/wp-content/images/cardlist/BP01/PL!N-bp1-004-P.png
宮下 愛,ブースターパック vol.1,メンバー,ラブライブ！虹ヶ咲学園スクールアイドル同好会,DiverDiva,4,"pink:1,red:1",,1,R,PL!N-bp1-005-R,,,,<ライブ開始時> 手札を1枚控え室に置いてもよい：ライブ終了時まで、 <ブレード> を得る。,https://llofficial-cardgame.com/wordpress/wp-content/images/cardlist/BP01/PL!N-bp1-005-R.png
宮下 愛,ブースターパック vol.1,メンバー,ラブライブ！虹ヶ咲学園スクールアイドル同好会,DiverDiva,4,"pink:1,red:1",,1,P,PL!N-bp1-005-P,,,,<ライブ開始時> 手札を1枚控え室に置いてもよい：ライブ終了時まで、 <ブレード> を得る。,https://llofficial-cardgame.com/wordpress/wp-content/images/cardlist/BP01/PL!N-bp1-005-P.png
近江彼方,ブースターパック vol.1,メンバー,ラブライブ！虹ヶ咲学園スクールアイドル同好会,QU4RTZ,13,"yellow:1,blue:1,purple:3",purple,2,R+,PL!N-bp1-006-R＋,,,,<起動> <ターン1回> 手札を1枚控え室に置く：このターン、自分のステージに『虹ヶ咲』のメンバーが登場している場合、エネルギーを2枚アクティブにする。 <起動> <ターン1回> <E> <E> ：カードを1枚引く。,https://llofficial-cardgame.com/wordpress/wp-content/images/cardlist/BP01/PL!N-bp1-006-R2.png
近江彼方,ブースターパック vol.1,メンバー,ラブライブ！虹ヶ咲学園スクールアイドル同好会,QU4RTZ,13,"yellow:1,blue:1,purple:3",purple,2,P,PL!N-bp1-006-P,,,,<起動> <ターン1回> 手札を1枚控え室に置く：このターン、自分のステージに『虹ヶ咲』のメンバーが登場している場合、エネルギーを2枚アクティブにする。 <起動> <ターン1回> <E> <E> ：カードを1枚引く。,https://llofficial-cardgame.com/wordpress/wp-content/images/cardlist/BP01/PL!N-bp1-006-P.png
近江彼方,ブースターパック vol.1,メンバー,ラブライブ！虹ヶ咲学園スクールアイドル同好会,QU4RTZ,13,"yellow:1,blue:1,purple:3",purple,2,P+,PL!N-bp1-006-P＋,,,,<起動> <ターン1回> 手札を1枚控え室に置く：このターン、自分のステージに『虹ヶ咲』のメンバーが登場している場合、エネルギーを2枚アクティブにする。 <起動> <ターン1回> <E> <E> ：カードを1枚引く。,https://llofficial-cardgame.com/wordpress/wp-content/images/cardlist/BP01/PL!N-bp1-006-P2.png
近江彼方,ブースターパック vol.1,メンバー,ラブライブ！虹ヶ咲学園スクールアイドル同好会,QU4RTZ,13,"yellow:1,blue:1,purple:3",purple,2,SEC,PL!N-bp1-006-SEC,,,,<起動> <ターン1回> 手札を1枚控え室に置く：このターン、自分のステージに『虹ヶ咲』のメンバーが登場している場合、エネルギーを2枚アクティブにする。 <起動> <ターン1回> <E> <E> ：カードを1枚引く。,https://llofficial-cardgame.com/wordpress/wp-content/images/cardlist/BP01/PL!N-bp1-006-SEC.png
優木せつ菜,ブースターパック vol.1,メンバー,ラブライブ！虹ヶ咲学園スクールアイドル同好会,A・ZU・NA,4,"red:1,yellow:1",,1,R,PL!N-bp1-007-R,,,,<登場> 手札を1枚控え室に置いてもよい：自分のデッキの上からカードを3枚見る。その中から1枚を手札に加え、残りを控え室に置く。,https://llofficial-cardgame.com/wordpress/wp-content/images/cardlist/BP01/PL!N-bp1-007-R.png
優木せつ菜,ブースターパック vol.1,メンバー,ラブライブ！虹ヶ咲学園スクールアイドル同好会,A・ZU・NA,4,"red:1,yellow:1",,1,P,PL!N-bp1-007-P,,,,<登場> 手札を1枚控え室に置いてもよい：自分のデッキの上からカードを3枚見る。その中から1枚を手札に加え、残りを控え室に置く。,https://llofficial-cardgame.com/wordpress/wp-content/images/cardlist/BP01/PL!N-bp1-007-P.png
エマ・ヴェルデ,ブースターパック vol.1,メンバー,ラブライブ！虹ヶ咲学園スクールアイドル同好会,QU4RTZ,9,"yellow:1,green:2,blue:1",,2,R,PL!N-bp1-008-R,,,,<起動> <ターン1回> 手札のメンバーカードを1枚控え室に置く：自分の控え室から、これにより控え室に置いたメンバーカードより、コストの低いメンバーカードを1枚手札に加える。,https://llofficial-cardgame.com/wordpress/wp-content/images/cardlist/BP01/PL!N-bp1-008-R.png
エマ・ヴェルデ,ブースターパック vol.1,メンバー,ラブライブ！虹ヶ咲学園スクールアイドル同好会,QU4RTZ,9,"yellow:1,green:2,blue:1",,2,P,PL!N-bp1-008-P,,,,<起動> <ターン1回> 手札のメンバーカードを1枚控え室に置く：自分の控え室から、これにより控え室に置いたメンバーカードより、コストの低いメンバーカードを1枚手札に加える。,https://llofficial-cardgame.com/wordpress/wp-content/images/cardlist/BP01/PL!N-bp1-008-P.png
天王寺璃奈,ブースターパック vol.1,メンバー,ラブライブ！虹ヶ咲学園スクールアイドル同好会,QU4RTZ,9,"pink:1,red:1,purple:2",,2,R,PL!N-bp1-009-R,,,,<登場> 手札を1枚控え室に置いてもよい：自分のデッキの上からカードを2枚控え室に置く。その後、自分の控え室からメンバーカードを1枚手札に加える。,https://llofficial-cardgame.com/wordpress/wp-content/images/cardlist/BP01/PL!N-bp1-009-R.png
天王寺璃奈,ブースターパック vol.1,メンバー,ラブライブ！虹ヶ咲学園スクールアイドル同好会,QU4RTZ,9,"pink:1,red:1,purple:2",,2,P,PL!N-bp1-009-P,,,,<登場> 手札を1枚控え室に置いてもよい：自分のデッキの上からカードを2枚控え室に置く。その後、自分の控え室からメンバーカードを1枚手札に加える。,https://llofficial-cardgame.com/wordpress/wp-content/images/cardlist/BP01/PL!N-bp1-009-P.png
三船栞子,ブースターパック vol.1,メンバー,ラブライブ！虹ヶ咲学園スクールアイドル同好会,R3BIRTH,4,"pink:1,green:1",,1,R,PL!N-bp1-010-R,,,,<登場> 手札を1枚控え室に置いてもよい：自分のデッキの上からカードを3枚見る。その中から1枚を手札に加え、残りを控え室に置く。,https://llofficial-cardgame.com/wordpress/wp-content/images/cardlist/BP01/PL!N-bp1-010-R.png
三船栞子,ブースターパック vol.1,メンバー,ラブライブ！虹ヶ咲学園スクールアイドル同好会,R3BIRTH,4,"pink:1,green:1",,1,P,PL!N-bp1-010-P,,,,<登場> 手札を1枚控え室に置いてもよい：自分のデッキの上からカードを3枚見る。その中から1枚を手札に加え、残りを控え室に置く。,https://llofficial-cardgame.com/wordpress/wp-content/images/cardlist/BP01/PL!N-bp1-010-P.png
ミア・テイラー,ブースターパック vol.1,メンバー,ラブライブ！虹ヶ咲学園スクールアイドル同好会,R3BIRTH,9,"pink:1,red:1,purple:1",,1,R,PL!N-bp1-011-R,,,,<登場> 手札を1枚控え室に置いてもよい：ライブカードが公開されるまで、自分のデッキの一番上のカードを公開し続ける。そのライブカードを手札に加え、これにより公開されたほかのすべてのカードを控え室に置く。,https://llofficial-cardgame.com/wordpress/wp-content/images/cardlist/BP01/PL!N-bp1-011-R.png
ミア・テイラー,ブースターパック vol.1,メンバー,ラブライブ！虹ヶ咲学園スクールアイドル同好会,R3BIRTH,9,"pink:1,red:1,purple:1",,1,P,PL!N-bp1-011-P,,,,<登場> 手札を1枚控え室に置いてもよい：ライブカードが公開されるまで、自分のデッキの一番上のカードを公開し続ける。そのライブカードを手札に加え、これにより公開されたほかのすべてのカードを控え室に置く。,https://llofficial-cardgame.com/wordpress/wp-content/images/cardlist/BP01/PL!N-bp1-011-P.png
鐘 嵐珠,ブースターパック vol.1,メンバー,ラブライブ！虹ヶ咲学園スクールアイドル同好会,R3BIRTH,15,"pink:3,green:2,purple:1",pink,4,R+,PL!N-bp1-012-R＋,,,,<常時> 自分のライブ中のカードが3枚以上あり、その中に『虹ヶ咲』のライブカードを1枚以上含む場合、 <ハート> <ハート> <ブレード> <ブレード> を得る。 <起動> <ターン1回> <E> <E> <E> ：自分の控え室からライブカードを1枚手札に加える。,https://llofficial-cardgame.com/wordpress/wp-content/images/cardlist/BP01/PL!N-bp1-012-R2.png
鐘 嵐珠,ブースターパック vol.1,メンバー,ラブライブ！虹ヶ咲学園スクールアイドル同好会,R3BIRTH,15,"pink:3,green:2,purple:1",pink,4,P+,PL!N-bp1-012-P＋,,,,<常時> 自分のライブ中のカードが3枚以上あり、その中に『虹ヶ咲』のライブカードを1枚以上含む場合、 <ハート> <ハート> <ブレード> <ブレード> を得る。 <起動> <ターン1回> <E> <E> <E> ：自分の控え室からライブカードを1枚手札に加える。,https://llofficial-cardgame.com/wordpress/wp-content/images/cardlist/BP01/PL!N-bp1-012-P2.png
鐘 嵐珠,ブースターパック vol.1,メンバー,ラブライブ！虹ヶ咲学園スクールアイドル同好会,R3BIRTH,15,"pink:3,green:2,purple:1",pink,4,P,PL!N-bp1-012-P,,,,<常時> 自分のライブ中のカードが3枚以上あり、その中に『虹ヶ咲』のライブカードを1枚以上含む場合、 <ハート> <ハート> <ブレード> <ブレード> を得る。 <起動> <ターン1回> <E> <E> <E> ：自分の控え室からライブカードを1枚手札に加える。,https://llofficial-cardgame.com/wordpress/wp-content/images/cardlist/BP01/PL!N-bp1-012-P.png
鐘 嵐珠,ブースターパック vol.1,メンバー,ラブライブ！虹ヶ咲学園スクールアイドル同好会,R3BIRTH,15,"pink:3,green:2,purple:1",pink,4,SEC,PL!N-bp1-012-SEC,,,,<常時> 自分のライブ中のカードが3枚以上あり、その中に『虹ヶ咲』のライブカードを1枚以上含む場合、 <ハート> <ハート> <ブレード> <ブレード> を得る。 <起動> <ターン1回> <E> <E> <E> ：自分の控え室からライブカードを1枚手札に加える。,https://llofficial-cardgame.com/wordpress/wp-content/images/cardlist/BP01/PL!N-bp1-012-SEC.png
上原歩夢,ブースターパック vol.1,メンバー,ラブライブ！虹ヶ咲学園スクールアイドル同好会,A・ZU・NA,4,"pink:1,red:1",pink,1,N,PL!N-bp1-013-N,,,,,https://llofficial-cardgame.com/wordpress/wp-content/images/cardlist/BP01/PL!N-bp1-013-N.png
中須かすみ,ブースターパック vol.1,メンバー,ラブライブ！虹ヶ咲学園スクールアイドル同好会,QU4RTZ,4,yellow:2,,1,N,PL!N-bp1-014-N,,,,<登場> カードを1枚引き、手札を1枚控え室に置く。,https://llofficial-cardgame.com/wordpress/wp-content/images/cardlist/BP01/PL!N-bp1-014-N.png
桜坂しずく,ブースターパック vol.1,メンバー,ラブライブ！虹ヶ咲学園スクールアイドル同好会,A・ZU・NA,4,blue:2,,1,N,PL!N-bp1-015-N,,,,<登場> カードを1枚引き、手札を1枚控え室に置く。,https://llofficial-cardgame.com/wordpress/wp-content/images/cardlist/BP01/PL!N-bp1-015-N.png
朝香果林,ブースターパック vol.1,メンバー,ラブライブ！虹ヶ咲学園スクールアイドル同好会,DiverDiva,4,"yellow:1,blue:1",blue,1,N,PL!N-bp1-016-N,,,,,https://llofficial-cardgame.com/wordpress/wp-content/images/cardlist/BP01/PL!N-bp1-016-N.png
宮下 愛,ブースターパック vol.1,メンバー,ラブライブ！虹ヶ咲学園スクールアイドル同好会,DiverDiva,4,"red:1,blue:1",red,1,N,PL!N-bp1-017-N,,,,,https://llofficial-cardgame.com/wordpress/wp-content/images/cardlist/BP01/PL!N-bp1-017-N.png
近江彼方,ブースターパック vol.1,メンバー,ラブライブ！虹ヶ咲学園スクールアイドル同好会,QU4RTZ,9,"yellow:1,blue:1,purple:2",,3,N,PL!N-bp1-018-N,,,,,https://llofficial-cardgame.com/wordpress/wp-content/images/cardlist/BP01/PL!N-bp1-018-N.png
優木せつ菜,ブースターパック vol.1,メンバー,ラブライブ！虹ヶ咲学園スクールアイドル同好会,A・ZU・NA,4,red:2,,1,N,PL!N-bp1-019-N,,,,<登場> カードを1枚引き、手札を1枚控え室に置く。,https://llofficial-cardgame.com/wordpress/wp-content/images/cardlist/BP01/PL!N-bp1-019-N.png
エマ・ヴェルデ,ブースターパック vol.1,メンバー,ラブライブ！虹ヶ咲学園スクールアイドル同好会,QU4RTZ,9,"green:2,blue:1,purple:1",,3,N,PL!N-bp1-020-N,,,,,https://llofficial-cardgame.com/wordpress/wp-content/images/cardlist/BP01/PL!N-bp1-020-N.png
天王寺璃奈,ブースターパック vol.1,メンバー,ラブライブ！虹ヶ咲学園スクールアイドル同好会,QU4RTZ,4,"blue:1,purple:1",purple,1,N,PL!N-bp1-021-N,,,,,https://llofficial-cardgame.com/wordpress/wp-content/images/cardlist/BP01/PL!N-bp1-021-N.png
三船栞子,ブースターパック vol.1,メンバー,ラブライブ！虹ヶ咲学園スクールアイドル同好会,R3BIRTH,4,"green:1,blue:1",green,1,N,PL!N-bp1-022-N,,,,,https://llofficial-cardgame.com/wordpress/wp-content/images/cardlist/BP01/PL!N-bp1-022-N.png
ミア・テイラー,ブースターパック vol.1,メンバー,ラブライブ！虹ヶ咲学園スクールアイドル同好会,R3BIRTH,9,"pink:1,yellow:2,green:1",,3,N,PL!N-bp1-023-N,,,,,https://llofficial-cardgame.com/wordpress/wp-content/images/cardlist/BP01/PL!N-bp1-023-N.png
鐘 嵐珠,ブースターパック vol.1,メンバー,ラブライブ！虹ヶ咲学園スクールアイドル同好会,R3BIRTH,4,"pink:1,yellow:1",pink,1,N,PL!N-bp1-024-N,,,,,https://llofficial-cardgame.com/wordpress/wp-content/images/cardlist/BP01/PL!N-bp1-024-N.png
虹色Passions！,ブースターパック vol.1,ライブ,ラブライブ！虹ヶ咲学園スクールアイドル同好会,,,,all,,L,PL!N-bp1-025-L,"green:1,blue:1,grey:3",,2,(必要ハートを確認する時、エールで出た <ALLブレード> は任意の色のハートとして扱う。),https://llofficial-cardgame.com/wordpress/wp-content/images/cardlist/BP01/PL!N-bp1-025-L.png
Poppin' Up!,ブースターパック vol.1,ライブ,ラブライブ！虹ヶ咲学園スクールアイドル同好会,,,,all,,L,PL!N-bp1-026-L,"yellow:1,grey:2",,1,<ライブ成功時> ライブの合計スコアが相手より高い場合、エールにより公開された自分のカードの中から、『虹ヶ咲』のカードを1枚手札に加える。 (必要ハートを確認する時、エールで出た <ALLブレード> は任意の色のハートとして扱う。),https://llofficial-cardgame.com/wordpress/wp-content/images/cardlist/BP01/PL!N-bp1-026-L.png
Solitude Rain,ブースターパック vol.1,ライブ,ラブライブ！虹ヶ咲学園スクールアイドル同好会,,,,blue,,L,PL!N-bp1-027-L,"blue:5,grey:7",draw,0,<ライブ開始時> 自分のステージにいる『虹ヶ咲』のメンバーが持つ pink 、 green 、 blue 、 red 、 yellow 、 purple のうち1色につき、このカードのスコアを＋１する。 (エールをすべて行った後、エールで出た <ドロー> 1つにつき、カードを1枚引く。),https://llofficial-cardgame.com/wordpress/wp-content/images/cardlist/BP01/PL!N-bp1-027-L.png
Butterfly,ブースターパック vol.1,ライブ,ラブライブ！虹ヶ咲学園スクールアイドル同好会,,,,purple,,L,PL!N-bp1-028-L,"purple:5,grey:7",draw,5,<ライブ開始時> <E> <E> 支払ってもよい：自分のステージに『虹ヶ咲』のメンバーがいる場合、このカードのスコアを＋１する。 (エールをすべて行った後、エールで出た <ドロー> 1つにつき、カードを1枚引く。),https://llofficial-cardgame.com/wordpress/wp-content/images/cardlist/BP01/PL!N-bp1-028-L.png
Eutopia,ブースターパック vol.1,ライブ,ラブライブ！虹ヶ咲学園スクールアイドル同好会,,,,pink,,L,PL!N-bp1-029-L,"pink:5,grey:7",draw,5,<ライブ開始時> 自分のライブ中のカードが3枚以上ある場合、このカードのスコアを＋２する。 (エールをすべて行った後、エールで出た <ドロー> 1つにつき、カードを1枚引く。),https://llofficial-cardgame.com/wordpress/wp-content/images/cardlist/BP01/PL!N-bp1-029-L.png
中須かすみ,ブースターパック vol.1,エネルギー,ラブライブ！虹ヶ咲学園スクールアイドル同好会,QU4RTZ,,,,,SECE,PL!N-bp1-030-SECE,,,,,https://llofficial-cardgame.com/wordpress/wp-content/images/cardlist/BP01/PL!N-bp1-030-SECE.png
桜坂しずく,ブースターパック vol.1,エネルギー,ラブライブ！虹ヶ咲学園スクールアイドル同好会,A・ZU・NA,,,,,SECE,PL!N-bp1-031-SECE,,,,,https://llofficial-cardgame.com/wordpress/wp-content/images/cardlist/BP01/PL!N-bp1-031-SECE.png
近江彼方,ブースターパック vol.1,エネルギー,ラブライブ！虹ヶ咲学園スクールアイドル同好会,QU4RTZ,,,,,SECE,PL!N-bp1-032-SECE,,,,,https://llofficial-cardgame.com/wordpress/wp-content/images/cardlist/BP01/PL!N-bp1-032-SECE.png
鐘 嵐珠,ブースターパック vol.1,エネルギー,ラブライブ！虹ヶ咲学園スクールアイドル同好会,R3BIRTH,,,,,SECE,PL!N-bp1-033-SECE,,,,,https://llofficial-cardgame.com/wordpress/wp-content/images/cardlist/BP01/PL!N-bp1-033-SECE.png
UEHARA AYUMU,ブースターパック vol.1,エネルギー,ラブライブ！虹ヶ咲学園スクールアイドル同好会,A・ZU・NA,,,,,PE,PL!N-bp1-034-PE,,,,,https://llofficial-cardgame.com/wordpress/wp-content/images/cardlist/BP01/PL!N-bp1-034-PE.png
UEHARA AYUMU,ブースターパック vol.1,エネルギー,ラブライブ！虹ヶ咲学園スクールアイドル同好会,A・ZU・NA,,,,,PE+,PL!N-bp1-034-PE＋,,,,,https://llofficial-cardgame.com/wordpress/wp-content/images/cardlist/BP01/PL!N-bp1-034-PE2.png
NAKASU KASUMI,ブースターパック vol.1,エネルギー,ラブライブ！虹ヶ咲学園スクールアイドル同好会,QU4RTZ,,,,,PE,PL!N-bp1-035-PE,,,,,https://llofficial-cardgame.com/wordpress/wp-content/images/cardlist/BP01/PL!N-bp1-035-PE.png
NAKASU KASUMI,ブースターパック vol.1,エネルギー,ラブライブ！虹ヶ咲学園スクールアイドル同好会,QU4RTZ,,,,,PE+,PL!N-bp1-035-PE＋,,,,,https://llofficial-cardgame.com/wordpress/wp-content/images/cardlist/BP01/PL!N-bp1-035-PE2.png
KONOE KANATA,ブースターパック vol.1,エネルギー,ラブライブ！虹ヶ咲学園スクールアイドル同好会,QU4RTZ,,,,,PE,PL!N-bp1-036-PE,,,,,https://llofficial-cardgame.com/wordpress/wp-content/images/cardlist/BP01/PL!N-bp1-036-PE.png
KONOE KANATA,ブースターパック vol.1,エネルギー,ラブライブ！虹ヶ咲学園スクールアイドル同好会,QU4RTZ,,,,,PE+,PL!N-bp1-036-PE＋,,,,,https://llofficial-cardgame.com/wordpress/wp-content/images/cardlist/BP01/PL!N-bp1-036-PE2.png
TENNOJI RINA,ブースターパック vol.1,エネルギー,ラブライブ！虹ヶ咲学園スクールアイドル同好会,QU4RTZ,,,,,PE,PL!N-bp1-037-PE,,,,,https://llofficial-cardgame.com/wordpress/wp-content/images/cardlist/BP01/PL!N-bp1-037-PE.png
TENNOJI RINA,ブースターパック vol.1,エネルギー,ラブライブ！虹ヶ咲学園スクールアイドル同好会,QU4RTZ,,,,,PE+,PL!N-bp1-037-PE＋,,,,,https://llofficial-cardgame.com/wordpress/wp-content/images/cardlist/BP01/PL!N-bp1-037-PE2.png
MIA TAYLOR,ブースターパック vol.1,エネルギー,ラブライブ！虹ヶ咲学園スクールアイドル同好会,R3BIRTH,,,,,PE,PL!N-bp1-038-PE,,,,,https://llofficial-cardgame.com/wordpress/wp-content/images/cardlist/BP01/PL!N-bp1-038-PE.png
MIA TAYLOR,ブースターパック vol.1,エネルギー,ラブライブ！虹ヶ咲学園スクールアイドル同好会,R3BIRTH,,,,,PE+,PL!N-bp1-038-PE＋,,,,,https://llofficial-cardgame.com/wordpress/wp-content/images/cardlist/BP01/PL!N-bp1-038-PE2.png
上原歩夢,ブースターパック vol.1,エネルギー,ラブライブ！虹ヶ咲学園スクールアイドル同好会,A・ZU・NA,,,,,SEC+,PL!N-bp1-999-SEC＋,,,,,https://llofficial-cardgame.com/wordpress/wp-content/images/cardlist/BP01/SEC2-PL!N-bp1-999-SEC2.png
澁谷かのん,ブースターパック vol.1,エネルギー,ラブライブ！スーパースター!!,CatChu!,,,,,LLE,PL!SP-bp1-000-LLE,,,,,https://llofficial-cardgame.com/wordpress/wp-content/images/cardlist/BP01/PL!SP-bp1-000-LLE.png
唐 可可,ブースターパック vol.1,メンバー,ラブライブ！スーパースター!!,KALEIDOSCORE,4,"red:1,yellow:1",,,R+,PL!SP-bp1-002-R＋,,,,<登場> <E> <E> 支払ってもよい：ステージの左サイドエリアに登場しているなら、カードを2枚引く。,https://llofficial-cardgame.com/wordpress/wp-content/images/cardlist/BP01/PL!SP-bp1-002-R2.png
澁谷かのん,ブースターパック vol.1,メンバー,ラブライブ！スーパースター!!,CatChu!,9,"red:1,yellow:1,purple:3",,3,R,PL!SP-bp1-001-R,,,,<常時> 自分のステージにほかのメンバーがいない場合、自分はライブできない。,https://llofficial-cardgame.com/wordpress/wp-content/images/cardlist/BP01/PL!SP-bp1-001-R.png
澁谷かのん,ブースターパック vol.1,メンバー,ラブライブ！スーパースター!!,CatChu!,9,"red:1,yellow:1,purple:3",,3,P,PL!SP-bp1-001-P,,,,<常時> 自分のステージにほかのメンバーがいない場合、自分はライブできない。,https://llofficial-cardgame.com/wordpress/wp-content/images/cardlist/BP01/PL!SP-bp1-001-P.png
唐 可可,ブースターパック vol.1,メンバー,ラブライブ！スーパースター!!,KALEIDOSCORE,4,"red:1,yellow:1",,,P,PL!SP-bp1-002-P,,,,<登場> <E> <E> 支払ってもよい：ステージの左サイドエリアに登場しているなら、カードを2枚引く。,https://llofficial-cardgame.com/wordpress/wp-content/images/cardlist/BP01/PL!SP-bp1-002-P.png
唐 可可,ブースターパック vol.1,メンバー,ラブライブ！スーパースター!!,KALEIDOSCORE,4,"red:1,yellow:1",,,P+,PL!SP-bp1-002-P＋,,,,<登場> <E> <E> 支払ってもよい：ステージの左サイドエリアに登場しているなら、カードを2枚引く。,https://llofficial-cardgame.com/wordpress/wp-content/images/cardlist/BP01/PL!SP-bp1-002-P2.png
唐 可可,ブースターパック vol.1,メンバー,ラブライブ！スーパースター!!,KALEIDOSCORE,4,"red:1,yellow:1",,,SEC,PL!SP-bp1-002-SEC,,,,<登場> <E> <E> 支払ってもよい：ステージの左サイドエリアに登場しているなら、カードを2枚引く。,https://llofficial-cardgame.com/wordpress/wp-content/images/cardlist/BP01/PL!SP-bp1-002-SEC.png
嵐 千砂都,ブースターパック vol.1,メンバー,ラブライブ！スーパースター!!,5yncri5e!,10,"red:1,yellow:1,purple:2",,1,R+,PL!SP-bp1-003-R＋,,,,<起動> <ターン1回> 手札にあるメンバーカードを好きな枚数公開する：公開したカードのコストの合計が、10、20、30、40、50のいずれかの場合、ライブ終了時まで、「 <常時> ライブの合計スコアを＋１する。」を得る。,https://llofficial-cardgame.com/wordpress/wp-content/images/cardlist/BP01/PL!SP-bp1-003-R2.png
嵐 千砂都,ブースターパック vol.1,メンバー,ラブライブ！スーパースター!!,5yncri5e!,10,"red:1,yellow:1,purple:2",,1,P,PL!SP-bp1-003-P,,,,<起動> <ターン1回> 手札にあるメンバーカードを好きな枚数公開する：公開したカードのコストの合計が、10、20、30、40、50のいずれかの場合、ライブ終了時まで、「 <常時> ライブの合計スコアを＋１する。」を得る。,https://llofficial-cardgame.com/wordpress/wp-content/images/cardlist/BP01/PL!SP-bp1-003-P.png
嵐 千砂都,ブースターパック vol.1,メンバー,ラブライブ！スーパースター!!,5yncri5e!,10,"red:1,yellow:1,purple:2",,1,P+,PL!SP-bp1-003-P＋,,,,<起動> <ターン1回> 手札にあるメンバーカードを好きな枚数公開する：公開したカードのコストの合計が、10、20、30、40、50のいずれかの場合、ライブ終了時まで、「 <常時> ライブの合計スコアを＋１する。」を得る。,https://llofficial-cardgame.com/wordpress/wp-content/images/cardlist/BP01/PL!SP-bp1-003-P2.png
嵐 千砂都,ブースターパック vol.1,メンバー,ラブライブ！スーパースター!!,5yncri5e!,10,"red:1,yellow:1,purple:2",,1,SEC,PL!SP-bp1-003-SEC,,,,<起動> <ターン1回> 手札にあるメンバーカードを好きな枚数公開する：公開したカードのコストの合計が、10、20、30、40、50のいずれかの場合、ライブ終了時まで、「 <常時> ライブの合計スコアを＋１する。」を得る。,https://llofficial-cardgame.com/wordpress/wp-content/images/cardlist/BP01/PL!SP-bp1-003-SEC.png
平安名すみれ,ブースターパック vol.1,メンバー,ラブライブ！スーパースター!!,CatChu!,15,"red:2,yellow:2,purple:2",yellow,2,R,PL!SP-bp1-004-R,,,,<常時> ステージのセンターエリアにいる場合、 <ブレード> <ブレード> <ブレード> <ブレード> <ブレード> を得る。,https://llofficial-cardgame.com/wordpress/wp-content/images/cardlist/BP01/PL!SP-bp1-004-R.png
平安名すみれ,ブースターパック vol.1,メンバー,ラブライブ！スーパースター!!,CatChu!,15,"red:2,yellow:2,purple:2",yellow,2,P,PL!SP-bp1-004-P,,,,<常時> ステージのセンターエリアにいる場合、 <ブレード> <ブレード> <ブレード> <ブレード> <ブレード> を得る。,https://llofficial-cardgame.com/wordpress/wp-content/images/cardlist/BP01/PL!SP-bp1-004-P.png
葉月 恋,ブースターパック vol.1,メンバー,ラブライブ！スーパースター!!,KALEIDOSCORE,2,yellow:1,yellow,1,R,PL!SP-bp1-005-R,,,,<登場> 手札を1枚控え室に置いてもよい：自分のデッキの上からカードを5枚見る。その中から『Liella!』のカードを1枚まで公開して手札に加えてもよい。残りを控え室に置く。,https://llofficial-cardgame.com/wordpress/wp-content/images/cardlist/BP01/PL!SP-bp1-005-R.png
葉月 恋,ブースターパック vol.1,メンバー,ラブライブ！スーパースター!!,KALEIDOSCORE,2,yellow:1,yellow,1,P,PL!SP-bp1-005-P,,,,<登場> 手札を1枚控え室に置いてもよい：自分のデッキの上からカードを5枚見る。その中から『Liella!』のカードを1枚まで公開して手札に加えてもよい。残りを控え室に置く。,https://llofficial-cardgame.com/wordpress/wp-content/images/cardlist/BP01/PL!SP-bp1-005-P.png
桜小路きな子,ブースターパック vol.1,メンバー,ラブライブ！スーパースター!!,5yncri5e!,9,"red:1,yellow:2,purple:1",,2,R,PL!SP-bp1-006-R,,,,<ライブ開始時> <E> 支払ってもよい：ライブ終了時まで、 <ブレード> <ブレード> を得る。,https://llofficial-cardgame.com/wordpress/wp-content/images/cardlist/BP01/PL!SP-bp1-006-R.png
桜小路きな子,ブースターパック vol.1,メンバー,ラブライブ！スーパースター!!,5yncri5e!,9,"red:1,yellow:2,purple:1",,2,P,PL!SP-bp1-006-P,,,,<ライブ開始時> <E> 支払ってもよい：ライブ終了時まで、 <ブレード> <ブレード> を得る。,https://llofficial-cardgame.com/wordpress/wp-content/images/cardlist/BP01/PL!SP-bp1-006-P.png
米女メイ,ブースターパック vol.1,メンバー,ラブライブ！スーパースター!!,CatChu!,13,"red:2,yellow:2,purple:2",yellow,3,R+,PL!SP-bp1-007-R＋,,,,<登場> 自分のエネルギーが11枚以上ある場合、自分の控え室からライブカードを1枚手札に加える。,https://llofficial-cardgame.com/wordpress/wp-content/images/cardlist/BP01/PL!SP-bp1-007-R2.png
米女メイ,ブースターパック vol.1,メンバー,ラブライブ！スーパースター!!,CatChu!,13,"red:2,yellow:2,purple:2",yellow,3,P,PL!SP-bp1-007-P,,,,<登場> 自分のエネルギーが11枚以上ある場合、自分の控え室からライブカードを1枚手札に加える。,https://llofficial-cardgame.com/wordpress/wp-content/images/cardlist/BP01/PL!SP-bp1-007-P.png
米女メイ,ブースターパック vol.1,メンバー,ラブライブ！スーパースター!!,CatChu!,13,"red:2,yellow:2,purple:2",yellow,3,P+,PL!SP-bp1-007-P＋,,,,<登場> 自分のエネルギーが11枚以上ある場合、自分の控え室からライブカードを1枚手札に加える。,https://llofficial-cardgame.com/wordpress/wp-content/images/cardlist/BP01/PL!SP-bp1-007-P2.png
米女メイ,ブースターパック vol.1,メンバー,ラブライブ！スーパースター!!,CatChu!,13,"red:2,yellow:2,purple:2",yellow,3,SEC,PL!SP-bp1-007-SEC,,,,<登場> 自分のエネルギーが11枚以上ある場合、自分の控え室からライブカードを1枚手札に加える。,https://llofficial-cardgame.com/wordpress/wp-content/images/cardlist/BP01/PL!SP-bp1-007-SEC.png
若菜四季,ブースターパック vol.1,メンバー,ラブライブ！スーパースター!!,5yncri5e!,13,"red:2,yellow:1,purple:2",red,4,R,PL!SP-bp1-008-R,,,,<登場> カードを1枚引く。自分のステージに「米女メイ」がいる場合、さらにカードを1枚引く。,https://llofficial-cardgame.com/wordpress/wp-content/images/cardlist/BP01/PL!SP-bp1-008-R.png
若菜四季,ブースターパック vol.1,メンバー,ラブライブ！スーパースター!!,5yncri5e!,13,"red:2,yellow:1,purple:2",red,4,P,PL!SP-bp1-008-P,,,,<登場> カードを1枚引く。自分のステージに「米女メイ」がいる場合、さらにカードを1枚引く。,https://llofficial-cardgame.com/wordpress/wp-content/images/cardlist/BP01/PL!SP-bp1-008-P.png
鬼塚夏美,ブースターパック vol.1,メンバー,ラブライブ！スーパースター!!,5yncri5e!,9,"red:1,yellow:1,purple:1",,3,R,PL!SP-bp1-009-R,,,,<起動> <ターン1回> <E> ：カードを1枚引き、手札を1枚控え室に置く。,https://llofficial-cardgame.com/wordpress/wp-content/images/cardlist/BP01/PL!SP-bp1-009-R.png
鬼塚夏美,ブースターパック vol.1,メンバー,ラブライブ！スーパースター!!,5yncri5e!,9,"red:1,yellow:1,purple:1",,3,P,PL!SP-bp1-009-P,,,,<起動> <ターン1回> <E> ：カードを1枚引き、手札を1枚控え室に置く。,https://llofficial-cardgame.com/wordpress/wp-content/images/cardlist/BP01/PL!SP-bp1-009-P.png
ウィーン・マルガレーテ,ブースターパック vol.1,メンバー,ラブライブ！スーパースター!!,KALEIDOSCORE,11,"red:1,yellow:2,purple:2",,3,R,PL!SP-bp1-010-R,,,,<起動> <ターン1回> <E> <E> 手札を1枚控え室に置く：自分のデッキの上からカードを5枚見る。その中から『Liella!』のカードを1枚公開して手札に加えてもよい。残りを控え室に置く。,https://llofficial-cardgame.com/wordpress/wp-content/images/cardlist/BP01/PL!SP-bp1-010-R.png
ウィーン・マルガレーテ,ブースターパック vol.1,メンバー,ラブライブ！スーパースター!!,KALEIDOSCORE,11,"red:1,yellow:2,purple:2",,3,P,PL!SP-bp1-010-P,,,,<起動> <ターン1回> <E> <E> 手札を1枚控え室に置く：自分のデッキの上からカードを5枚見る。その中から『Liella!』のカードを1枚公開して手札に加えてもよい。残りを控え室に置く。,https://llofficial-cardgame.com/wordpress/wp-content/images/cardlist/BP01/PL!SP-bp1-010-P.png
鬼塚冬毬,ブースターパック vol.1,メンバー,ラブライブ！スーパースター!!,5yncri5e!,2,yellow:1,yellow,1,R,PL!SP-bp1-011-R,,,,<起動> このメンバーをステージから控え室に置く：自分の控え室からライブカードを1枚手札に加える。,https://llofficial-cardgame.com/wordpress/wp-content/images/cardlist/BP01/PL!SP-bp1-011-R.png
澁谷かのん,ブースターパック vol.1,メンバー,ラブライブ！スーパースター!!,CatChu!,4,yellow:2,,1,N,PL!SP-bp1-012-N,,,,<登場> <E> 支払ってもよい：自分のデッキの上からカードを3枚見る。その中から1枚を手札に加え、残りを控え室に置く。,https://llofficial-cardgame.com/wordpress/wp-content/images/cardlist/BP01/PL!SP-bp1-012-N.png
鬼塚冬毬,ブースターパック vol.1,メンバー,ラブライブ！スーパースター!!,5yncri5e!,2,yellow:1,yellow,1,P,PL!SP-bp1-011-P,,,,<起動> このメンバーをステージから控え室に置く：自分の控え室からライブカードを1枚手札に加える。,https://llofficial-cardgame.com/wordpress/wp-content/images/cardlist/BP01/PL!SP-bp1-011-P.png
唐 可可,ブースターパック vol.1,メンバー,ラブライブ！スーパースター!!,KALEIDOSCORE,9,"red:1,yellow:2,purple:1",,3,N,PL!SP-bp1-013-N,,,,,https://llofficial-cardgame.com/wordpress/wp-content/images/cardlist/BP01/PL!SP-bp1-013-N.png
嵐 千砂都,ブースターパック vol.1,メンバー,ラブライブ！スーパースター!!,5yncri5e!,4,"yellow:1,purple:1",yellow,1,N,PL!SP-bp1-014-N,,,,,https://llofficial-cardgame.com/wordpress/wp-content/images/cardlist/BP01/PL!SP-bp1-014-N.png
葉月 恋,ブースターパック vol.1,メンバー,ラブライブ！スーパースター!!,KALEIDOSCORE,4,"red:1,yellow:1",red,1,N,PL!SP-bp1-016-N,,,,,https://llofficial-cardgame.com/wordpress/wp-content/images/cardlist/BP01/PL!SP-bp1-016-N.png
米女メイ,ブースターパック vol.1,メンバー,ラブライブ！スーパースター!!,CatChu!,9,"yellow:2,purple:2",,3,N,PL!SP-bp1-018-N,,,,,https://llofficial-cardgame.com/wordpress/wp-content/images/cardlist/BP01/PL!SP-bp1-018-N.png
桜小路きな子,ブースターパック vol.1,メンバー,ラブライブ！スーパースター!!,5yncri5e!,11,"red:2,yellow:2,purple:1",yellow,3,N,PL!SP-bp1-017-N,,,,,https://llofficial-cardgame.com/wordpress/wp-content/images/cardlist/BP01/PL!SP-bp1-017-N.png
平安名すみれ,ブースターパック vol.1,メンバー,ラブライブ！スーパースター!!,CatChu!,4,"red:1,purple:1",purple,1,N,PL!SP-bp1-015-N,,,,,https://llofficial-cardgame.com/wordpress/wp-content/images/cardlist/BP01/PL!SP-bp1-015-N.png
若菜四季,ブースターパック vol.1,メンバー,ラブライブ！スーパースター!!,5yncri5e!,11,"red:2,yellow:1,purple:2",red,3,N,PL!SP-bp1-019-N,,,,,https://llofficial-cardgame.com/wordpress/wp-content/images/cardlist/BP01/PL!SP-bp1-019-N.png
鬼塚夏美,ブースターパック vol.1,メンバー,ラブライブ！スーパースター!!,5yncri5e!,4,yellow:2,yellow,1,N,PL!SP-bp1-020-N,,,,,https://llofficial-cardgame.com/wordpress/wp-content/images/cardlist/BP01/PL!SP-bp1-020-N.png
ウィーン・マルガレーテ,ブースターパック vol.1,メンバー,ラブライブ！スーパースター!!,KALEIDOSCORE,4,yellow:1,,,N,PL!SP-bp1-021-N,,,,<登場> 手札を1枚控え室に置いてもよい：自分のエネルギーデッキから、エネルギーカードを1枚ウェイト状態で置く。,https://llofficial-cardgame.com/wordpress/wp-content/images/cardlist/BP01/PL!SP-bp1-021-N.png
鬼塚冬毬,ブースターパック vol.1,メンバー,ラブライブ！スーパースター!!,5yncri5e!,13,"red:2,yellow:2,purple:2",purple,4,N,PL!SP-bp1-022-N,,,,,https://llofficial-cardgame.com/wordpress/wp-content/images/cardlist/BP01/PL!SP-bp1-022-N.png
Tiny Stars,ブースターパック vol.1,ライブ,ラブライブ！スーパースター!!,,,,all,,L,PL!SP-bp1-024-L,"pink:1,blue:1,grey:6",,2,<ライブ開始時> ライブ終了時まで、自分のステージにいる「澁谷かのん」1人は blue <ブレード> を、「唐 可可」1人は pink <ブレード> を得る。 <ライブ成功時> 自分のステージに「澁谷かのん」と「唐 可可」がいる場合、カードを1枚引く。 (必要ハートを確認する時、エールで出た <ALLブレード> は任意の色のハートとして扱う。),https://llofficial-cardgame.com/wordpress/wp-content/images/cardlist/BP01/PL!SP-bp1-024-L.png
Starlight Prologue,ブースターパック vol.1,ライブ,ラブライブ！スーパースター!!,,,,all,,L,PL!SP-bp1-025-L,"yellow:1,purple:1,grey:3",,2,(必要ハートを確認する時、エールで出た <ALLブレード> は任意の色のハートとして扱う。),https://llofficial-cardgame.com/wordpress/wp-content/images/cardlist/BP01/PL!SP-bp1-025-L.png
START!! True dreams,ブースターパック vol.1,ライブ,ラブライブ！スーパースター!!,,,,,,L,PL!SP-bp1-023-L,"red:1,yellow:1,purple:1,grey:1",Score+1,1,<ライブ成功時> ライブの合計スコアが相手より高い場合、自分のエネルギーデッキから、エネルギーカードを1枚ウェイト状態で置く。 (エールで出た <スコア> 1つにつき、成功したライブのスコアの合計に1を加算する。),https://llofficial-cardgame.com/wordpress/wp-content/images/cardlist/BP01/PL!SP-bp1-023-L.png
未来予報ハレルヤ！,ブースターパック vol.1,ライブ,ラブライブ！スーパースター!!,,,,all,,L,PL!SP-bp1-026-L,"red:2,yellow:2,purple:2,grey:2",,3,<ライブ開始時> 自分の、ステージと控え室に名前の異なる『Liella!』のメンバーが5人以上いる場合、このカードを使用するためのコストは red red yellow yellow purple purple になる。 (必要ハートを確認する時、エールで出た <ALLブレード> は任意の色のハートとして扱う。),https://llofficial-cardgame.com/wordpress/wp-content/images/cardlist/BP01/PL!SP-bp1-026-L.png
Sing！Shine！Smile！,ブースターパック vol.1,ライブ,ラブライブ！スーパースター!!,,,,yellow,,L,PL!SP-bp1-027-L,"red:3,yellow:3,purple:3,grey:5",draw,6,<ライブ開始時> 自分のエネルギーが12枚以上ある場合、このカードのスコアを＋１する。 (エールをすべて行った後、エールで出た <ドロー> 1つにつき、カードを1枚引く。),https://llofficial-cardgame.com/wordpress/wp-content/images/cardlist/BP01/PL!SP-bp1-027-L.png
唐 可可,ブースターパック vol.1,エネルギー,ラブライブ！スーパースター!!,KALEIDOSCORE,,,,,SECE,PL!SP-bp1-028-SECE,,,,,https://llofficial-cardgame.com/wordpress/wp-content/images/cardlist/BP01/PL!SP-bp1-028-SECE.png
米女メイ,ブースターパック vol.1,エネルギー,ラブライブ！スーパースター!!,CatChu!,,,,,SECE,PL!SP-bp1-030-SECE,,,,,https://llofficial-cardgame.com/wordpress/wp-content/images/cardlist/BP01/PL!SP-bp1-030-SECE.png
嵐 千砂都,ブースターパック vol.1,エネルギー,ラブライブ！スーパースター!!,5yncri5e!,,,,,SECE,PL!SP-bp1-029-SECE,,,,,https://llofficial-cardgame.com/wordpress/wp-content/images/cardlist/BP01/PL!SP-bp1-029-SECE.png
SHIBUYA KANON,ブースターパック vol.1,エネルギー,ラブライブ！スーパースター!!,CatChu!,,,,,PE+,PL!SP-bp1-031-PE＋,,,,,https://llofficial-cardgame.com/wordpress/wp-content/images/cardlist/BP01/PL!SP-bp1-031-PE2.png
ARASHI CHISATO,ブースターパック vol.1,エネルギー,ラブライブ！スーパースター!!,5yncri5e!,,,,,PE,PL!SP-bp1-032-PE,,,,,https://llofficial-cardgame.com/wordpress/wp-content/images/cardlist/BP01/PL!SP-bp1-032-PE.png
ARASHI CHISATO,ブースターパック vol.1,エネルギー,ラブライブ！スーパースター!!,5yncri5e!,,,,,PE+,PL!SP-bp1-032-PE＋,,,,,https://llofficial-cardgame.com/wordpress/wp-content/images/cardlist/BP01/PL!SP-bp1-032-PE2.png
SHIBUYA KANON,ブースターパック vol.1,エネルギー,ラブライブ！スーパースター!!,CatChu!,,,,,PE,PL!SP-bp1-031-PE,,,,,https://llofficial-cardgame.com/wordpress/wp-content/images/cardlist/BP01/PL!SP-bp1-031-PE.png
HAZUKI REN,ブースターパック vol.1,エネルギー,ラブライブ！スーパースター!!,KALEIDOSCORE,,,,,PE,PL!SP-bp1-033-PE,,,,,https://llofficial-cardgame.com/wordpress/wp-content/images/cardlist/BP01/PL!SP-bp1-033-PE.png
SAKURAKOJI KINAKO,ブースターパック vol.1,エネルギー,ラブライブ！スーパースター!!,5yncri5e!,,,,,PE,PL!SP-bp1-034-PE,,,,,https://llofficial-cardgame.com/wordpress/wp-content/images/cardlist/BP01/PL!SP-bp1-034-PE.png
HAZUKI REN,ブースターパック vol.1,エネルギー,ラブライブ！スーパースター!!,KALEIDOSCORE,,,,,PE+,PL!SP-bp1-033-PE＋,,,,,https://llofficial-cardgame.com/wordpress/wp-content/images/cardlist/BP01/PL!SP-bp1-033-PE2.png
SAKURAKOJIKINAKO,ブースターパック vol.1,エネルギー,ラブライブ！スーパースター!!,5yncri5e!,,,,,PE+,PL!SP-bp1-034-PE＋,,,,,https://llofficial-cardgame.com/wordpress/wp-content/images/cardlist/BP01/PL!SP-bp1-034-PE2.png
澁谷かのん,ブースターパック vol.1,エネルギー,ラブライブ！スーパースター!!,CatChu!,,,,,SEC+,PL!SP-bp1-999-SEC＋,,,,,https://llofficial-cardgame.com/wordpress/wp-content/images/cardlist/BP01/SEC2-PL!SP-bp1-999-SEC2.png
ONITSUKA NATSUMI,ブースターパック vol.1,エネルギー,ラブライブ！スーパースター!!,5yncri5e!,,,,,PE,PL!SP-bp1-035-PE,,,,,https://llofficial-cardgame.com/wordpress/wp-content/images/cardlist/BP01/PL!SP-bp1-035-PE.png
ONITSUKA NATSUMI,ブースターパック vol.1,エネルギー,ラブライブ！スーパースター!!,5yncri5e!,,,,,PE+,PL!SP-bp1-035-PE＋,,,,,https://llofficial-cardgame.com/wordpress/wp-content/images/cardlist/BP01/PL!SP-bp1-035-PE2.png
日野下花帆,ブースターパック vol.1,メンバー,蓮ノ空女学院スクールアイドルクラブ,スリーズブーケ,11,"pink:1,green:2,blue:1",green,,P,PL!HS-bp1-001-P,,,,<登場> エネルギーを2枚アクティブにする。,https://llofficial-cardgame.com/wordpress/wp-content/images/cardlist/BP01/PL!HS-bp1-001-P.png
村野さやか,ブースターパック vol.1,メンバー,蓮ノ空女学院スクールアイドルクラブ,DOLLCHESTRA,11,"pink:1,green:1,blue:2",,2,R,PL!HS-bp1-002-R,,,,<起動> <E> <E> 、このメンバーをステージから控え室に置く：自分の控え室からコスト15以下の『蓮ノ空』のメンバーカードを1枚、このメンバーがいたエリアに登場させる。,https://llofficial-cardgame.com/wordpress/wp-content/images/cardlist/BP01/PL!HS-bp1-002-R.png
日野下花帆,ブースターパック vol.1,メンバー,蓮ノ空女学院スクールアイドルクラブ,スリーズブーケ,11,"pink:1,green:2,blue:1",green,,R,PL!HS-bp1-001-R,,,,<登場> エネルギーを2枚アクティブにする。,https://llofficial-cardgame.com/wordpress/wp-content/images/cardlist/BP01/PL!HS-bp1-001-R.png
村野さやか,ブースターパック vol.1,メンバー,蓮ノ空女学院スクールアイドルクラブ,DOLLCHESTRA,11,"pink:1,green:1,blue:2",,2,P,PL!HS-bp1-002-P,,,,<起動> <E> <E> 、このメンバーをステージから控え室に置く：自分の控え室からコスト15以下の『蓮ノ空』のメンバーカードを1枚、このメンバーがいたエリアに登場させる。,https://llofficial-cardgame.com/wordpress/wp-content/images/cardlist/BP01/PL!HS-bp1-002-P.png
乙宗 梢,ブースターパック vol.1,メンバー,蓮ノ空女学院スクールアイドルクラブ,スリーズブーケ,13,"pink:1,green:4,blue:1",green,3,R+,PL!HS-bp1-003-R＋,,,,<常時> 自分のステージのエリアすべてに『蓮ノ空』のメンバーが登場しており、かつ名前が異なる場合、「 <常時> ライブの合計スコアを＋１する。」を得る。 <起動> <ターン1回> <E> ：自分の控え室から4コスト以下の『蓮ノ空』のメンバーカードを1枚手札に加える。,https://llofficial-cardgame.com/wordpress/wp-content/images/cardlist/BP01/PL!HS-bp1-003-R2.png
乙宗 梢,ブースターパック vol.1,メンバー,蓮ノ空女学院スクールアイドルクラブ,スリーズブーケ,13,"pink:1,green:4,blue:1",green,3,P,PL!HS-bp1-003-P,,,,<常時> 自分のステージのエリアすべてに『蓮ノ空』のメンバーが登場しており、かつ名前が異なる場合、「 <常時> ライブの合計スコアを＋１する。」を得る。 <起動> <ターン1回> <E> ：自分の控え室から4コスト以下の『蓮ノ空』のメンバーカードを1枚手札に加える。,https://llofficial-cardgame.com/wordpress/wp-content/images/cardlist/BP01/PL!HS-bp1-003-P.png
乙宗 梢,ブースターパック vol.1,メンバー,蓮ノ空女学院スクールアイドルクラブ,スリーズブーケ,13,"pink:1,green:4,blue:1",green,3,P+,PL!HS-bp1-003-P＋,,,,<常時> 自分のステージのエリアすべてに『蓮ノ空』のメンバーが登場しており、かつ名前が異なる場合、「 <常時> ライブの合計スコアを＋１する。」を得る。 <起動> <ターン1回> <E> ：自分の控え室から4コスト以下の『蓮ノ空』のメンバーカードを1枚手札に加える。,https://llofficial-cardgame.com/wordpress/wp-content/images/cardlist/BP01/PL!HS-bp1-003-P2.png
乙宗 梢,ブースターパック vol.1,メンバー,蓮ノ空女学院スクールアイドルクラブ,スリーズブーケ,13,"pink:1,green:4,blue:1",green,3,SEC,PL!HS-bp1-003-SEC,,,,<常時> 自分のステージのエリアすべてに『蓮ノ空』のメンバーが登場しており、かつ名前が異なる場合、「 <常時> ライブの合計スコアを＋１する。」を得る。 <起動> <ターン1回> <E> ：自分の控え室から4コスト以下の『蓮ノ空』のメンバーカードを1枚手札に加える。,https://llofficial-cardgame.com/wordpress/wp-content/images/cardlist/BP01/PL!HS-bp1-003-SEC.png
夕霧綴理,ブースターパック vol.1,メンバー,蓮ノ空女学院スクールアイドルクラブ,DOLLCHESTRA,15,"pink:1,green:1,blue:4",blue,4,R+,PL!HS-bp1-004-R＋,,,,<起動> <ターン1回> <E> <E> <E> ：自分の控え室から『蓮ノ空』のライブカードを1枚手札に加える。 <ライブ開始時> <E> 支払ってもよい：ライブ終了時まで、自分のライブ中のカード1枚につき、 <ブレード> を得る。,https://llofficial-cardgame.com/wordpress/wp-content/images/cardlist/BP01/PL!HS-bp1-004-R2.png
夕霧綴理,ブースターパック vol.1,メンバー,蓮ノ空女学院スクールアイドルクラブ,DOLLCHESTRA,15,"pink:1,green:1,blue:4",blue,4,P,PL!HS-bp1-004-P,,,,<起動> <ターン1回> <E> <E> <E> ：自分の控え室から『蓮ノ空』のライブカードを1枚手札に加える。 <ライブ開始時> <E> 支払ってもよい：ライブ終了時まで、自分のライブ中のカード1枚につき、 <ブレード> を得る。,https://llofficial-cardgame.com/wordpress/wp-content/images/cardlist/BP01/PL!HS-bp1-004-P.png
夕霧綴理,ブースターパック vol.1,メンバー,蓮ノ空女学院スクールアイドルクラブ,DOLLCHESTRA,15,"pink:1,green:1,blue:4",blue,4,P+,PL!HS-bp1-004-P＋,,,,<起動> <ターン1回> <E> <E> <E> ：自分の控え室から『蓮ノ空』のライブカードを1枚手札に加える。 <ライブ開始時> <E> 支払ってもよい：ライブ終了時まで、自分のライブ中のカード1枚につき、 <ブレード> を得る。,https://llofficial-cardgame.com/wordpress/wp-content/images/cardlist/BP01/PL!HS-bp1-004-P2.png
夕霧綴理,ブースターパック vol.1,メンバー,蓮ノ空女学院スクールアイドルクラブ,DOLLCHESTRA,15,"pink:1,green:1,blue:4",blue,4,SEC,PL!HS-bp1-004-SEC,,,,<起動> <ターン1回> <E> <E> <E> ：自分の控え室から『蓮ノ空』のライブカードを1枚手札に加える。 <ライブ開始時> <E> 支払ってもよい：ライブ終了時まで、自分のライブ中のカード1枚につき、 <ブレード> を得る。,https://llofficial-cardgame.com/wordpress/wp-content/images/cardlist/BP01/PL!HS-bp1-004-SEC.png
大沢瑠璃乃,ブースターパック vol.1,メンバー,蓮ノ空女学院スクールアイドルクラブ,みらくらぱーく!,9,"pink:2,green:1",,3,R,PL!HS-bp1-005-R,,,,<登場> 手札を3枚まで控え室に置いてもよい：これにより置いた枚数分カードを引く。,https://llofficial-cardgame.com/wordpress/wp-content/images/cardlist/BP01/PL!HS-bp1-005-R.png
大沢瑠璃乃,ブースターパック vol.1,メンバー,蓮ノ空女学院スクールアイドルクラブ,みらくらぱーく!,9,"pink:2,green:1",,3,P,PL!HS-bp1-005-P,,,,<登場> 手札を3枚まで控え室に置いてもよい：これにより置いた枚数分カードを引く。,https://llofficial-cardgame.com/wordpress/wp-content/images/cardlist/BP01/PL!HS-bp1-005-P.png
藤島 慈,ブースターパック vol.1,メンバー,蓮ノ空女学院スクールアイドルクラブ,みらくらぱーく!,11,"pink:2,green:1,blue:1",,3,R+,PL!HS-bp1-006-R＋,,,,<登場> カードを2枚引き、手札を1枚控え室に置く。 <ライブ開始時> 手札を1枚控え室に置いてもよい：自分のステージにほかのメンバーがいる場合、好きなハートの色を1つ指定する。ライブ終了時まで、そのハートを1つ得る。,https://llofficial-cardgame.com/wordpress/wp-content/images/cardlist/BP01/PL!HS-bp1-006-R2.png
藤島 慈,ブースターパック vol.1,メンバー,蓮ノ空女学院スクールアイドルクラブ,みらくらぱーく!,11,"pink:2,green:1,blue:1",,3,P,PL!HS-bp1-006-P,,,,<登場> カードを2枚引き、手札を1枚控え室に置く。 <ライブ開始時> 手札を1枚控え室に置いてもよい：自分のステージにほかのメンバーがいる場合、好きなハートの色を1つ指定する。ライブ終了時まで、そのハートを1つ得る。,https://llofficial-cardgame.com/wordpress/wp-content/images/cardlist/BP01/PL!HS-bp1-006-P.png
藤島 慈,ブースターパック vol.1,メンバー,蓮ノ空女学院スクールアイドルクラブ,みらくらぱーく!,11,"pink:2,green:1,blue:1",,3,P+,PL!HS-bp1-006-P＋,,,,<登場> カードを2枚引き、手札を1枚控え室に置く。 <ライブ開始時> 手札を1枚控え室に置いてもよい：自分のステージにほかのメンバーがいる場合、好きなハートの色を1つ指定する。ライブ終了時まで、そのハートを1つ得る。,https://llofficial-cardgame.com/wordpress/wp-content/images/cardlist/BP01/PL!HS-bp1-006-P2.png
藤島 慈,ブースターパック vol.1,メンバー,蓮ノ空女学院スクールアイドルクラブ,みらくらぱーく!,11,"pink:2,green:1,blue:1",,3,SEC,PL!HS-bp1-006-SEC,,,,<登場> カードを2枚引き、手札を1枚控え室に置く。 <ライブ開始時> 手札を1枚控え室に置いてもよい：自分のステージにほかのメンバーがいる場合、好きなハートの色を1つ指定する。ライブ終了時まで、そのハートを1つ得る。,https://llofficial-cardgame.com/wordpress/wp-content/images/cardlist/BP01/PL!HS-bp1-006-SEC.png
百生 吟子,ブースターパック vol.1,メンバー,蓮ノ空女学院スクールアイドルクラブ,スリーズブーケ,2,green:1,green,1,R,PL!HS-bp1-007-R,,,,<起動> <ターン1回> <E> <E> ：カードを1枚引く。,https://llofficial-cardgame.com/wordpress/wp-content/images/cardlist/BP01/PL!HS-bp1-007-R.png
百生 吟子,ブースターパック vol.1,メンバー,蓮ノ空女学院スクールアイドルクラブ,スリーズブーケ,2,green:1,green,1,P,PL!HS-bp1-007-P,,,,<起動> <ターン1回> <E> <E> ：カードを1枚引く。,https://llofficial-cardgame.com/wordpress/wp-content/images/cardlist/BP01/PL!HS-bp1-007-P.png
徒町 小鈴,ブースターパック vol.1,メンバー,蓮ノ空女学院スクールアイドルクラブ,DOLLCHESTRA,2,blue:1,blue,1,R,PL!HS-bp1-008-R,,,,<登場> 自分のデッキの上からカードを3枚控え室に置く。それらがすべてメンバーカードの場合、カードを1枚引く。,https://llofficial-cardgame.com/wordpress/wp-content/images/cardlist/BP01/PL!HS-bp1-008-R.png
徒町 小鈴,ブースターパック vol.1,メンバー,蓮ノ空女学院スクールアイドルクラブ,DOLLCHESTRA,2,blue:1,blue,1,P,PL!HS-bp1-008-P,,,,<登場> 自分のデッキの上からカードを3枚控え室に置く。それらがすべてメンバーカードの場合、カードを1枚引く。,https://llofficial-cardgame.com/wordpress/wp-content/images/cardlist/BP01/PL!HS-bp1-008-P.png
安養寺 姫芽,ブースターパック vol.1,メンバー,蓮ノ空女学院スクールアイドルクラブ,みらくらぱーく!,4,pink:2,pink,,R,PL!HS-bp1-009-R,,,,<登場> 手札を1枚控え室に置いてもよい：自分のデッキの上からカードを5枚見る。その中から『みらくらぱーく！』のカードを1枚公開して手札に加えてもよい。残りを控え室に置く。,https://llofficial-cardgame.com/wordpress/wp-content/images/cardlist/BP01/PL!HS-bp1-009-R.png
安養寺 姫芽,ブースターパック vol.1,メンバー,蓮ノ空女学院スクールアイドルクラブ,みらくらぱーく!,4,pink:2,pink,,P,PL!HS-bp1-009-P,,,,<登場> 手札を1枚控え室に置いてもよい：自分のデッキの上からカードを5枚見る。その中から『みらくらぱーく！』のカードを1枚公開して手札に加えてもよい。残りを控え室に置く。,https://llofficial-cardgame.com/wordpress/wp-content/images/cardlist/BP01/PL!HS-bp1-009-P.png
日野下花帆,ブースターパック vol.1,メンバー,蓮ノ空女学院スクールアイドルクラブ,スリーズブーケ,4,green:2,,1,N,PL!HS-bp1-010-N,,,,<登場> カードを1枚引き、手札を1枚控え室に置く。,https://llofficial-cardgame.com/wordpress/wp-content/images/cardlist/BP01/PL!HS-bp1-010-N.png
村野さやか,ブースターパック vol.1,メンバー,蓮ノ空女学院スクールアイドルクラブ,DOLLCHESTRA,9,"green:1,blue:2",,3,N,PL!HS-bp1-011-N,,,,<登場> 手札を1枚控え室に置いてもよい：自分のデッキの上からカードを5枚見る。その中からライブカードを1枚公開して手札に加えてもよい。残りを控え室に置く。,https://llofficial-cardgame.com/wordpress/wp-content/images/cardlist/BP01/PL!HS-bp1-011-N.png
乙宗 梢,ブースターパック vol.1,メンバー,蓮ノ空女学院スクールアイドルクラブ,スリーズブーケ,4,"green:1,blue:1",green,1,N,PL!HS-bp1-012-N,,,,,https://llofficial-cardgame.com/wordpress/wp-content/images/cardlist/BP01/PL!HS-bp1-012-N.png
夕霧綴理,ブースターパック vol.1,メンバー,蓮ノ空女学院スクールアイドルクラブ,DOLLCHESTRA,4,"pink:1,blue:1",blue,1,N,PL!HS-bp1-013-N,,,,,https://llofficial-cardgame.com/wordpress/wp-content/images/cardlist/BP01/PL!HS-bp1-013-N.png
大沢瑠璃乃,ブースターパック vol.1,メンバー,蓮ノ空女学院スクールアイドルクラブ,みらくらぱーく!,4,pink:2,,1,N,PL!HS-bp1-014-N,,,,<登場> カードを1枚引き、手札を1枚控え室に置く。,https://llofficial-cardgame.com/wordpress/wp-content/images/cardlist/BP01/PL!HS-bp1-014-N.png
藤島 慈,ブースターパック vol.1,メンバー,蓮ノ空女学院スクールアイドルクラブ,みらくらぱーく!,4,"pink:1,green:1",pink,1,N,PL!HS-bp1-015-N,,,,,https://llofficial-cardgame.com/wordpress/wp-content/images/cardlist/BP01/PL!HS-bp1-015-N.png
百生 吟子,ブースターパック vol.1,メンバー,蓮ノ空女学院スクールアイドルクラブ,スリーズブーケ,9,"pink:1,green:2,blue:1",,3,N,PL!HS-bp1-016-N,,,,,https://llofficial-cardgame.com/wordpress/wp-content/images/cardlist/BP01/PL!HS-bp1-016-N.png
徒町 小鈴,ブースターパック vol.1,メンバー,蓮ノ空女学院スクールアイドルクラブ,DOLLCHESTRA,9,"pink:1,green:1,blue:2",,3,N,PL!HS-bp1-017-N,,,,,https://llofficial-cardgame.com/wordpress/wp-content/images/cardlist/BP01/PL!HS-bp1-017-N.png
安養寺 姫芽,ブースターパック vol.1,メンバー,蓮ノ空女学院スクールアイドルクラブ,みらくらぱーく!,9,"pink:2,green:1,blue:1",,3,N,PL!HS-bp1-018-N,,,,,https://llofficial-cardgame.com/wordpress/wp-content/images/cardlist/BP01/PL!HS-bp1-018-N.png
Dream Believers,ブースターパック vol.1,ライブ,蓮ノ空女学院スクールアイドルクラブ,,,,,,L,PL!HS-bp1-019-L,grey:4,Score+1,1,(エールで出た <スコア> 1つにつき、成功したライブのスコアの合計に1を加算する。),https://llofficial-cardgame.com/wordpress/wp-content/images/cardlist/BP01/PL!HS-bp1-019-L.png
365 Days,ブースターパック vol.1,ライブ,蓮ノ空女学院スクールアイドルクラブ,,,,all,,L,PL!HS-bp1-020-L,grey:6,,2,(必要ハートを確認する時、エールで出た <ALLブレード> は任意の色のハートとして扱う。),https://llofficial-cardgame.com/wordpress/wp-content/images/cardlist/BP01/PL!HS-bp1-020-L.png
Holiday∞Holiday,ブースターパック vol.1,ライブ,蓮ノ空女学院スクールアイドルクラブ,スリーズブーケ,,,all,,L,PL!HS-bp1-021-L,"green:5,grey:5",,4,<ライブ成功時> エールにより公開された自分のカードの中から、『蓮ノ空』のライブカードを1枚手札に加える。 (必要ハートを確認する時、エールで出た <ALLブレード> は任意の色のハートとして扱う。),https://llofficial-cardgame.com/wordpress/wp-content/images/cardlist/BP01/PL!HS-bp1-021-L.png
AWOKE,ブースターパック vol.1,ライブ,蓮ノ空女学院スクールアイドルクラブ,DOLLCHESTRA,,,blue,,L,PL!HS-bp1-022-L,"blue:6,grey:6",draw,5,<ライブ成功時> エールにより公開された自分のカードの中に『蓮ノ空』のメンバーカードが10枚以上ある場合、このカードのスコアを＋１する。 (エールをすべて行った後、エールで出た <ドロー> 1つにつき、カードを1枚引く。),https://llofficial-cardgame.com/wordpress/wp-content/images/cardlist/BP01/PL!HS-bp1-022-L.png
ド！ド！ド！,ブースターパック vol.1,ライブ,蓮ノ空女学院スクールアイドルクラブ,みらくらぱーく!,,,all,,L,PL!HS-bp1-023-L,"pink:3,grey:2",,2,<ライブ成功時> ライブの合計スコアが相手より高く、かつ自分のステージに『蓮ノ空』のメンバーがいる場合、自分のエネルギーデッキから、エネルギーカードを1枚ウェイト状態で置く。 (必要ハートを確認する時、エールで出た <ALLブレード> は任意の色のハートとして扱う。),https://llofficial-cardgame.com/wordpress/wp-content/images/cardlist/BP01/PL!HS-bp1-023-L.png
乙宗 梢,ブースターパック vol.1,エネルギー,蓮ノ空女学院スクールアイドルクラブ,スリーズブーケ,,,,,SECE,PL!HS-bp1-024-SECE,,,,,https://llofficial-cardgame.com/wordpress/wp-content/images/cardlist/BP01/PL!HS-bp1-024-SECE.png
夕霧綴理,ブースターパック vol.1,エネルギー,蓮ノ空女学院スクールアイドルクラブ,DOLLCHESTRA,,,,,SECE,PL!HS-bp1-025-SECE,,,,,https://llofficial-cardgame.com/wordpress/wp-content/images/cardlist/BP01/PL!HS-bp1-025-SECE.png
藤島 慈,ブースターパック vol.1,エネルギー,蓮ノ空女学院スクールアイドルクラブ,みらくらぱーく!,,,,,SECE,PL!HS-bp1-026-SECE,,,,,https://llofficial-cardgame.com/wordpress/wp-content/images/cardlist/BP01/PL!HS-bp1-026-SECE.png
HINOSHITA KAHO,ブースターパック vol.1,エネルギー,蓮ノ空女学院スクールアイドルクラブ,スリーズブーケ,,,,,PE,PL!HS-bp1-027-PE,,,,,https://llofficial-cardgame.com/wordpress/wp-content/images/cardlist/BP01/PL!HS-bp1-027-PE.png
HINOSHITA KAHO,ブースターパック vol.1,エネルギー,蓮ノ空女学院スクールアイドルクラブ,スリーズブーケ,,,,,PE+,PL!HS-bp1-027-PE＋,,,,,https://llofficial-cardgame.com/wordpress/wp-content/images/cardlist/BP01/PL!HS-bp1-027-PE2.png
OTOMUNE KOZUE,ブースターパック vol.1,エネルギー,蓮ノ空女学院スクールアイドルクラブ,スリーズブーケ,,,,,PE,PL!HS-bp1-028-PE,,,,,https://llofficial-cardgame.com/wordpress/wp-content/images/cardlist/BP01/PL!HS-bp1-028-PE.png
OTOMUNE KOZUE,ブースターパック vol.1,エネルギー,蓮ノ空女学院スクールアイドルクラブ,スリーズブーケ,,,,,PE+,PL!HS-bp1-028-PE＋,,,,,https://llofficial-cardgame.com/wordpress/wp-content/images/cardlist/BP01/PL!HS-bp1-028-PE2.png
YUGIRI TSUZURI,ブースターパック vol.1,エネルギー,蓮ノ空女学院スクールアイドルクラブ,DOLLCHESTRA,,,,,PE,PL!HS-bp1-029-PE,,,,,https://llofficial-cardgame.com/wordpress/wp-content/images/cardlist/BP01/PL!HS-bp1-029-PE.png
YUGIRI TSUZURI,ブースターパック vol.1,エネルギー,蓮ノ空女学院スクールアイドルクラブ,DOLLCHESTRA,,,,,PE+,PL!HS-bp1-029-PE＋,,,,,https://llofficial-cardgame.com/wordpress/wp-content/images/cardlist/BP01/PL!HS-bp1-029-PE2.png
FUJISHIMA MEGUMI,ブースターパック vol.1,エネルギー,蓮ノ空女学院スクールアイドルクラブ,みらくらぱーく!,,,,,PE,PL!HS-bp1-030-PE,,,,,https://llofficial-cardgame.com/wordpress/wp-content/images/cardlist/BP01/PL!HS-bp1-030-PE.png
FUJISHIMA MEGUMI,ブースターパック vol.1,エネルギー,蓮ノ空女学院スクールアイドルクラブ,みらくらぱーく!,,,,,PE+,PL!HS-bp1-030-PE＋,,,,,https://llofficial-cardgame.com/wordpress/wp-content/images/cardlist/BP01/PL!HS-bp1-030-PE2.png
ANYOJI HIME,ブースターパック vol.1,エネルギー,蓮ノ空女学院スクールアイドルクラブ,みらくらぱーく!,,,,,PE,PL!HS-bp1-031-PE,,,,,https://llofficial-cardgame.com/wordpress/wp-content/images/cardlist/BP01/PL!HS-bp1-031-PE.png
ANYOJI HIME,ブースターパック vol.1,エネルギー,蓮ノ空女学院スクールアイドルクラブ,みらくらぱーく!,,,,,PE+,PL!HS-bp1-031-PE＋,,,,,https://llofficial-cardgame.com/wordpress/wp-content/images/cardlist/BP01/PL!HS-bp1-031-PE2.png
日野下花帆,ブースターパック vol.1,エネルギー,蓮ノ空女学院スクールアイドルクラブ,スリーズブーケ,,,,,LLE,PL!HS-bp1-000-LLE,,,,,https://llofficial-cardgame.com/wordpress/wp-content/images/cardlist/BP01/PL!HS-bp1-000-LLE.png
日野下花帆,ブースターパック vol.1,エネルギー,蓮ノ空女学院スクールアイドルクラブ,スリーズブーケ,,,,,SEC+,PL!HS-bp1-999-SEC＋,,,,,"	https://llofficial-cardgame.com/wordpress/wp-conte…/images/cardlist/BP01/SEC2-PL!HS-bp1-999-SEC2.png"
